1,Bevon,Morefield,bmorefield0@cmu.edu,Male,224.213.130.190,25,87583321777
2,Napoleon,Sposito,nsposito1@squarespace.com,Male,106.208.117.249,65,06637190838
3,Sancho,Rikkard,srikkard2@ocn.ne.jp,Male,136.153.104.157,88,38805485652
4,Marsha,Guillford,mguillford3@sfgate.com,Female,142.247.148.12,92,73026987667
5,Clair,Kira,ckira4@mac.com,Female,185.46.178.124,36,86242809196
6,Nariko,Lamplough,nlamplough5@techcrunch.com,Female,157.244.234.16,43,47036096040
7,Wallie,Gowthrop,wgowthrop6@utexas.edu,Male,232.74.154.4,37,01690564191
8,Lenard,Ferryn,lferryn7@clickbank.net,Male,55.60.155.246,01,34746183863
9,Ketty,Harnes,kharnes8@tiny.cc,Female,1.252.20.77,86,40500258853
10,Travers,Baseke,tbaseke9@furl.net,Male,163.9.172.115,75,52219223109
11,Karlene,Winteringham,kwinteringhama@mlb.com,Female,14.52.113.161,10,65408627557
12,Dunstan,Alebrooke,dalebrookeb@constantcontact.com,Male,151.136.82.49,44,06473970173
13,Osgood,Kleinmann,okleinmannc@who.int,Male,102.215.253.237,00,41383648223
14,Ingar,Finker,ifinkerd@statcounter.com,Male,168.67.146.80,65,23066837282
15,Fidelity,Gatlin,fgatline@cisco.com,Female,165.41.204.153,64,95859862020
16,Bibbie,Hyland,bhylandf@myspace.com,Female,212.103.73.217,02,25442675531
17,Cindi,Burbidge,cburbidgeg@mapy.cz,Female,38.187.38.130,64,94005926842
18,Lock,Beaushaw,lbeaushawh@ca.gov,Male,186.247.27.200,25,76963072863
19,Kendall,Gearing,kgearingi@zdnet.com,Male,229.161.191.235,34,04822268548
20,Henri,Apedaile,hapedailej@cargocollective.com,Male,225.137.5.166,45,90033684629
21,Tristan,Baert,tbaertk@nature.com,Male,85.34.71.199,25,77654366300
22,Olive,Coysh,ocoyshl@amazonaws.com,Female,188.157.20.70,52,98133719634
23,Jehu,Bothe,jbothem@deviantart.com,Male,138.28.158.74,66,63936166586
24,Glenna,Kochs,gkochsn@bbb.org,Female,70.133.135.64,80,57876502214
25,Celle,Izen,cizeno@wunderground.com,Female,255.225.228.78,89,76895557929
26,Cody,O'Fihily,cofihilyp@salon.com,Male,146.217.169.139,77,95095736493
27,Eberto,Wetwood,ewetwoodq@google.es,Male,24.89.179.249,67,31404416312
28,Marcelo,Ludwikiewicz,mludwikiewiczr@mozilla.com,Male,36.4.233.181,00,71352850018
29,Alla,Treffry,atreffrys@livejournal.com,Female,222.5.224.50,98,66104938165
30,Jaymie,Corteney,jcorteneyt@bloomberg.com,Male,33.211.217.160,24,69921718713
31,Pepita,Domniney,pdomnineyu@phpbb.com,Female,248.74.169.214,65,64582706580
32,Margalo,Bott,mbottv@shop-pro.jp,Female,52.211.222.213,65,17847730453
33,Torin,Tandey,ttandeyw@nytimes.com,Male,220.130.156.50,65,05556008719
34,Arnuad,Asbury,aasburyx@clickbank.net,Male,127.47.133.247,63,24258212314
35,Skipton,Brammall,sbrammally@jalbum.net,Male,160.179.82.181,23,21972383658
36,Klemens,Vedyasov,kvedyasovz@europa.eu,Male,24.141.83.188,21,15560771206
37,Teri,Stratton,tstratton10@last.fm,Female,148.226.152.8,22,28690012373
38,Gery,Bonnin,gbonnin11@weebly.com,Male,21.152.137.56,89,57530171924
39,Dewey,Shardlow,dshardlow12@ameblo.jp,Male,89.61.134.125,50,45136878631
40,Batsheva,Fairham,bfairham13@netscape.com,Female,66.4.149.230,49,20951044339
41,Hagen,Dragon,hdragon14@i2i.jp,Male,158.187.169.142,57,89102895377
42,Susanna,Benninger,sbenninger15@hc360.com,Female,10.208.137.193,30,42831358256
43,Padraig,Steed,psteed16@nydailynews.com,Male,133.121.129.253,05,17900439010
44,Cornelius,Orry,corry17@creativecommons.org,Male,189.32.212.24,09,35148038996
45,Herschel,Bofield,hbofield18@biglobe.ne.jp,Male,28.55.56.247,65,86301207042
46,Decca,Murrish,dmurrish19@jiathis.com,Male,138.53.78.192,05,96497091343
47,Turner,Ashbolt,tashbolt1a@friendfeed.com,Male,70.5.18.147,17,66056583681
48,Donovan,Brehaut,dbrehaut1b@mozilla.com,Male,89.17.1.167,33,30808103270
49,Huntington,Gillbard,hgillbard1c@sitemeter.com,Male,248.159.72.106,17,68477208598
50,Jeanne,Skitral,jskitral1d@sohu.com,Female,0.89.236.25,27,75072926564
51,Katee,MacConneely,kmacconneely1e@wired.com,Female,118.104.39.113,18,28460603387
52,Ketty,Greaser,kgreaser1f@unesco.org,Female,133.187.239.187,29,11306144038
53,Gareth,Rottgers,grottgers1g@github.io,Male,254.209.157.247,40,30511116626
54,Wilie,Staton,wstaton1h@paginegialle.it,Female,16.58.162.110,14,60417740651
55,Cecilio,Klejna,cklejna1i@soup.io,Male,13.16.77.83,51,83777298267
56,Norry,Zecchii,nzecchii1j@phoca.cz,Male,54.222.221.22,75,18443620023
57,Shaylyn,Triner,striner1k@state.tx.us,Female,156.35.252.122,15,13358988629
58,Brynn,Sheehan,bsheehan1l@cam.ac.uk,Female,152.205.108.65,93,67652784228
59,Jakie,Reeman,jreeman1m@dyndns.org,Male,144.178.168.58,21,46092829322
60,Leonie,Tassaker,ltassaker1n@etsy.com,Female,36.202.11.158,68,76166909948
61,Lorrie,Walworth,lwalworth1o@elpais.com,Female,76.143.226.120,86,43995532895
62,Regan,Harly,rharly1p@live.com,Male,50.20.187.101,24,87687727183
63,Barny,Sisey,bsisey1q@virginia.edu,Male,104.120.106.188,13,23804362071
64,Marja,Alvaro,malvaro1r@toplist.cz,Female,235.29.167.119,67,16447229233
65,David,Atthowe,datthowe1s@aol.com,Male,199.156.37.105,06,83496178625
66,Egbert,Henner,ehenner1t@bizjournals.com,Male,174.110.192.80,94,37099167707
67,Devin,Vivian,dvivian1u@wikipedia.org,Female,228.182.63.226,73,57853242368
68,Mela,Thaine,mthaine1v@mozilla.com,Female,102.116.209.75,69,05326019090
69,Nana,Woodland,nwoodland1w@imdb.com,Female,218.89.56.193,87,80415900285
70,Hailey,Hail,hhail1x@google.pl,Male,27.196.235.216,39,21412371135
71,Garvin,Larrie,glarrie1y@discuz.net,Male,180.134.161.22,86,49195288205
72,Junia,Maddocks,jmaddocks1z@google.es,Female,9.111.132.146,66,10252203314
73,Gavan,Wrist,gwrist20@cbslocal.com,Male,29.194.85.65,83,19446148492
74,Chicky,Ogbourne,cogbourne21@stanford.edu,Female,241.116.16.150,75,62003431055
75,Juana,Abrahmovici,jabrahmovici22@yale.edu,Female,208.12.254.105,95,83156649615
76,Marven,Prettyjohns,mprettyjohns23@hp.com,Male,78.108.104.189,01,70220241901
77,Giacobo,Peart,gpeart24@umich.edu,Male,203.234.139.170,17,82926910355
78,Orel,Scurrell,oscurrell25@wix.com,Female,40.251.160.20,06,80264086746
79,Shepard,Riedel,sriedel26@trellian.com,Male,16.37.124.255,14,08027121947
80,Evelyn,Leguay,eleguay27@jugem.jp,Female,160.108.8.229,84,01536834057
81,Nina,Kernar,nkernar28@joomla.org,Female,244.123.183.18,05,66121856044
82,Raquela,Corde,rcorde29@google.ru,Female,8.123.54.72,54,99868655198
83,Hersh,Boriston,hboriston2a@geocities.com,Male,195.25.222.49,79,41956541594
84,Dagny,Erlam,derlam2b@gmpg.org,Male,73.14.227.133,61,57772133258
85,Olivie,Easter,oeaster2c@reverbnation.com,Female,53.69.204.22,03,34570525243
86,Norean,Livett,nlivett2d@bbc.co.uk,Female,212.65.49.7,00,42730954209
87,Ame,Alldridge,aalldridge2e@ed.gov,Female,113.167.106.153,17,02452586230
88,Bendicty,Bortolomei,bbortolomei2f@merriam-webster.com,Male,41.107.17.225,53,97429418534
89,Brigham,Mattiuzzi,bmattiuzzi2g@loc.gov,Male,95.68.123.22,50,46467148536
90,Maurie,Vivash,mvivash2h@booking.com,Male,79.247.69.27,19,67961633757
91,Eleen,Kenner,ekenner2i@flavors.me,Female,171.166.247.37,22,89741036939
92,Tracy,Simonian,tsimonian2j@mit.edu,Male,174.151.176.113,82,98270948497
93,Shirleen,Robardey,srobardey2k@goo.ne.jp,Female,126.216.135.77,45,98764603085
94,Bone,Durgan,bdurgan2l@goodreads.com,Male,12.145.89.192,14,26309243968
95,Linc,Boagey,lboagey2m@t.co,Male,104.140.7.167,94,32440372727
96,Cly,MacVicar,cmacvicar2n@amazon.de,Male,6.20.141.97,81,90973688931
97,Bekki,Follin,bfollin2o@aboutads.info,Female,229.229.46.16,46,15767113218
98,West,Drury,wdrury2p@gravatar.com,Male,8.218.6.92,12,73465250326
99,Gal,Elesander,gelesander2q@mapy.cz,Male,14.246.57.134,16,14502333393
100,Dorolisa,Cassy,dcassy2r@ocn.ne.jp,Female,77.149.21.191,45,58766645740
101,Isabelita,Peidro,ipeidro2s@fastcompany.com,Female,128.158.244.132,31,05623346230
102,Ansley,Goodswen,agoodswen2t@tiny.cc,Female,50.148.1.106,82,06104879030
103,Lem,Hanratty,lhanratty2u@blogtalkradio.com,Male,97.181.152.223,15,94441929492
104,Rozele,Metheringham,rmetheringham2v@usda.gov,Female,170.73.56.74,90,97601361095
105,Cymbre,Fulks,cfulks2w@chicagotribune.com,Female,191.70.224.239,80,16030235013
106,Luce,Mackriell,lmackriell2x@dailymail.co.uk,Male,180.68.157.22,02,96910780185
107,Audy,Hendron,ahendron2y@over-blog.com,Female,93.145.8.61,58,35707419230
108,Kirby,Laycock,klaycock2z@cloudflare.com,Female,126.62.140.219,05,34590398574
109,Hirsch,Shelly,hshelly30@weebly.com,Male,193.71.40.237,39,65973821624
110,Benjamen,Hawkings,bhawkings31@acquirethisname.com,Male,43.220.91.147,77,21779728513
111,Mason,Acklands,macklands32@pen.io,Male,62.32.27.99,02,81391549280
112,Weidar,Easseby,weasseby33@bloomberg.com,Male,230.21.3.69,03,27784605506
113,Cherin,Deards,cdeards34@macromedia.com,Female,191.143.114.165,51,75256279501
114,Madella,Melia,mmelia35@quantcast.com,Female,54.12.240.87,94,48692498233
115,Fraze,Beart,fbeart36@europa.eu,Male,213.132.109.14,68,67835365766
116,Paulo,Glassopp,pglassopp37@cbslocal.com,Male,192.183.18.58,06,76505042838
117,Nestor,Lange,nlange38@flickr.com,Male,183.164.168.21,03,38634151164
118,Michaela,MacKain,mmackain39@msu.edu,Female,47.207.245.86,76,05873432677
119,Willabella,Merchant,wmerchant3a@narod.ru,Female,68.178.98.38,23,37777493439
120,Terrijo,Paice,tpaice3b@4shared.com,Female,8.24.142.199,12,76499275320
121,Lyman,Baptista,lbaptista3c@hao123.com,Male,139.116.94.2,15,73736102654
122,Kinny,Patek,kpatek3d@biglobe.ne.jp,Male,24.5.228.66,39,30054435597
123,Emmet,Trevaskis,etrevaskis3e@github.com,Male,19.135.147.194,69,15513755288
124,Iormina,McCallister,imccallister3f@chron.com,Female,27.85.213.8,42,93500723930
125,Karlens,Toon,ktoon3g@google.co.jp,Male,58.125.202.243,17,99223563449
126,Jamey,Bullman,jbullman3h@vkontakte.ru,Male,50.41.162.191,95,37521074395
127,Tamma,Bearn,tbearn3i@imdb.com,Female,3.148.210.20,41,06768510205
128,Consuela,O'Hare,cohare3j@histats.com,Female,126.87.254.67,81,30061355288
129,Traver,Follacaro,tfollacaro3k@cmu.edu,Male,107.81.22.98,01,78770010663
130,Preston,Svanetti,psvanetti3l@washingtonpost.com,Male,181.239.156.105,33,20583078549
131,Manny,Kerwick,mkerwick3m@tinypic.com,Male,213.147.200.245,27,89004039729
132,Lulu,Bollen,lbollen3n@geocities.jp,Female,3.23.234.104,97,51619517258
133,Conrad,Sate,csate3o@creativecommons.org,Male,60.68.137.243,99,79412871799
134,Neille,Rake,nrake3p@artisteer.com,Female,33.222.133.27,88,32299314861
135,Ronnie,Nobriga,rnobriga3q@nifty.com,Female,73.245.32.184,54,42253856703
136,Kendrick,Sadgrove,ksadgrove3r@jiathis.com,Male,51.74.14.46,84,00370318633
137,Benn,Harwell,bharwell3s@opera.com,Male,213.166.125.94,18,89243458907
138,Erhard,Zollner,ezollner3t@tamu.edu,Male,217.120.8.121,79,47132906836
139,Joelle,Birtley,jbirtley3u@github.io,Female,149.189.39.171,24,97197602245
140,Alexandros,Pendrich,apendrich3v@disqus.com,Male,149.171.171.77,69,75499460183
141,Corabel,McGrale,cmcgrale3w@fema.gov,Female,24.2.148.184,23,03452678046
142,Monique,Talbot,mtalbot3x@last.fm,Female,158.149.37.239,99,43456524092
143,Fonz,Pardew,fpardew3y@time.com,Male,147.197.164.145,72,91627415286
144,Theo,Wellsman,twellsman3z@hao123.com,Female,110.17.108.111,79,22672618095
145,Flora,Bizley,fbizley40@xrea.com,Female,175.232.151.110,81,57260615841
146,Skipton,Cumesky,scumesky41@xing.com,Male,68.61.193.94,99,44031413251
147,Bethany,Kuhndel,bkuhndel42@pcworld.com,Female,198.101.100.186,57,29229484231
148,Mehetabel,Ruseworth,mruseworth43@blogspot.com,Female,123.106.115.54,05,21196020456
149,Callie,Crowdson,ccrowdson44@lycos.com,Female,201.216.80.0,32,59304323226
150,Gayler,Peirce,gpeirce45@feedburner.com,Male,128.12.210.112,78,54207993943
151,Averill,Rugge,arugge46@ycombinator.com,Male,175.6.86.158,51,30996209514
152,Kelwin,Calladine,kcalladine47@accuweather.com,Male,39.149.141.35,55,69279946956
153,Tam,McGaw,tmcgaw48@wikipedia.org,Male,64.81.117.231,97,62327956805
154,Thorin,McAnulty,tmcanulty49@imageshack.us,Male,94.244.86.68,82,98349649603
155,Corey,Curl,ccurl4a@github.io,Male,240.101.109.162,65,43238383565
156,Yorgo,Etteridge,yetteridge4b@chron.com,Male,131.245.232.243,13,94109139772
157,Binny,Cleyburn,bcleyburn4c@constantcontact.com,Female,146.202.123.170,99,33444126367
158,Ailene,Klimmek,aklimmek4d@narod.ru,Female,196.223.97.93,22,61237571757
159,Trina,Flook,tflook4e@sun.com,Female,227.155.88.151,01,60752681401
160,Bendick,Dubois,bdubois4f@mapquest.com,Male,21.68.198.83,19,23600221989
161,Zelma,Fagg,zfagg4g@goodreads.com,Female,248.191.9.175,91,99690728568
162,Ardisj,Durran,adurran4h@comsenz.com,Female,22.91.37.50,48,90022164813
163,Dick,Ancketill,dancketill4i@deviantart.com,Male,246.105.127.92,14,41777568963
164,Berthe,Tutsell,btutsell4j@intel.com,Female,122.197.188.115,24,10207972659
165,Hildegaard,Shevell,hshevell4k@bluehost.com,Female,4.133.119.158,44,66887894042
166,Sidonnie,Brayshay,sbrayshay4l@webeden.co.uk,Female,253.13.205.29,87,98718569765
167,Lyssa,Eppson,leppson4m@gov.uk,Female,0.107.25.127,90,88829589560
168,Nell,Jones,njones4n@furl.net,Female,102.60.223.71,94,26882008118
169,Tomaso,Lothlorien,tlothlorien4o@state.tx.us,Male,79.39.18.91,17,08023293061
170,Maria,Astin,mastin4p@ucla.edu,Female,79.24.124.223,11,75363497749
171,Jermaine,Rawstron,jrawstron4q@pbs.org,Male,27.207.130.91,97,53545165579
172,Helge,Genge,hgenge4r@nps.gov,Female,201.25.124.122,02,33276116958
173,Angelico,MacWhan,amacwhan4s@bbb.org,Male,123.22.144.201,19,07941363682
174,Papagena,Congram,pcongram4t@sohu.com,Female,153.203.35.192,26,91885657236
175,Sly,Lovejoy,slovejoy4u@feedburner.com,Male,178.242.171.165,50,70569129417
176,Chloette,Golsthorp,cgolsthorp4v@a8.net,Female,120.184.178.64,60,36285259315
177,Maison,Malafe,mmalafe4w@goodreads.com,Male,3.119.144.118,78,97513961589
178,Ode,Girauld,ogirauld4x@reuters.com,Male,220.51.72.213,43,69954656320
179,Kiri,Stirling,kstirling4y@foxnews.com,Female,181.228.138.29,23,01536750213
180,Fransisco,Cullip,fcullip4z@blogspot.com,Male,224.97.124.238,94,50589090380
181,Xever,Rudgard,xrudgard50@webs.com,Male,1.31.226.233,24,65613832650
182,Coraline,MacCarrick,cmaccarrick51@ucoz.ru,Female,34.198.110.220,10,08756722144
183,Taddeo,Kersaw,tkersaw52@example.com,Male,146.101.172.5,14,04185651255
184,Janeen,Coats,jcoats53@reference.com,Female,59.46.78.120,10,88038772333
185,Ram,Friedank,rfriedank54@bloglines.com,Male,177.164.214.55,08,23290932580
186,Prince,Haskayne,phaskayne55@last.fm,Male,176.28.12.54,69,63277973413
187,Zorine,Bengtsen,zbengtsen56@answers.com,Female,164.76.13.253,47,56634156292
188,Jackquelin,Gillespie,jgillespie57@friendfeed.com,Female,239.169.225.193,25,62911399826
189,Johanna,Merrisson,jmerrisson58@myspace.com,Female,35.11.54.239,38,23048004918
190,Conney,Hodges,chodges59@cnet.com,Male,29.93.44.182,18,74140260251
191,Hinda,McCrorie,hmccrorie5a@cnbc.com,Female,117.79.92.247,08,74814476946
192,Jacky,Rivilis,jrivilis5b@springer.com,Female,234.150.46.76,82,39998907548
193,Roberto,Bidnall,rbidnall5c@narod.ru,Male,49.62.70.117,44,58669882533
194,Casey,Zanni,czanni5d@youtube.com,Male,223.224.6.171,80,56436737298
195,Worden,Crabb,wcrabb5e@businessinsider.com,Male,37.220.242.158,30,56856635005
196,Janos,Axworthy,jaxworthy5f@livejournal.com,Male,100.124.62.44,74,46156185186
197,Lyssa,Branchet,lbranchet5g@webeden.co.uk,Female,140.81.39.224,31,99878455057
198,Lawrence,Kinvan,lkinvan5h@psu.edu,Male,167.159.244.27,28,52235093306
199,Tye,Farnaby,tfarnaby5i@oaic.gov.au,Male,207.190.248.241,86,30184646281
200,Harwell,Riches,hriches5j@tmall.com,Male,83.132.51.79,94,57697306278
201,Meaghan,Clague,mclague5k@europa.eu,Female,194.3.95.59,41,84474807215
202,Rozamond,Carsberg,rcarsberg5l@jigsy.com,Female,184.231.196.47,22,42479090488
203,Dayle,Fells,dfells5m@myspace.com,Female,15.94.124.37,46,77895336431
204,Jessalin,Jantet,jjantet5n@gizmodo.com,Female,217.107.110.117,15,63601299936
205,Charmane,Speller,cspeller5o@newyorker.com,Female,63.143.134.159,92,13976516633
206,Eyde,MacPeake,emacpeake5p@hostgator.com,Female,121.76.213.97,66,71891874473
207,Jesselyn,Ramsbotham,jramsbotham5q@godaddy.com,Female,48.73.208.147,91,83363813285
208,Florian,Gladtbach,fgladtbach5r@oaic.gov.au,Male,74.225.155.94,08,46002677138
209,Lincoln,Laity,llaity5s@soup.io,Male,143.211.80.92,08,38617506154
210,Bert,Cregeen,bcregeen5t@youtube.com,Male,104.249.121.230,67,30412841844
211,Keven,Feldharker,kfeldharker5u@imdb.com,Male,65.94.4.56,87,08515438193
212,Tabbitha,Balmer,tbalmer5v@cnet.com,Female,250.14.44.252,83,23034187652
213,Aretha,Soule,asoule5w@businessinsider.com,Female,108.107.149.199,27,34188505555
214,Loy,Markie,lmarkie5x@fema.gov,Male,69.156.186.61,71,53706926117
215,Marylou,Landrieu,mlandrieu5y@state.tx.us,Female,164.73.135.194,50,06030648713
216,Nicoline,Christin,nchristin5z@apple.com,Female,14.103.181.221,71,65064567091
217,Meier,Soutar,msoutar60@sphinn.com,Male,166.195.202.42,06,81948066791
218,Lotta,Hundley,lhundley61@woothemes.com,Female,105.126.227.25,34,14648236234
219,Isabeau,Jedrzaszkiewicz,ijedrzaszkiewicz62@weibo.com,Female,167.210.130.164,29,68219042733
220,Port,Withur,pwithur63@netlog.com,Male,137.96.223.97,76,31401718528
221,Maighdiln,Erickson,merickson64@state.tx.us,Female,81.167.129.219,97,54827957931
222,Demetrius,Nevill,dnevill65@amazon.co.uk,Male,122.172.135.88,28,90462365536
223,Rupert,Ferrarone,rferrarone66@unblog.fr,Male,139.195.153.226,01,20914661621
224,Lion,De la Perrelle,ldelaperrelle67@123-reg.co.uk,Male,238.130.127.97,37,43323147944
225,Redd,Jealous,rjealous68@plala.or.jp,Male,24.227.40.34,98,51022459217
226,Ondrea,Maidens,omaidens69@theguardian.com,Female,41.199.226.245,04,04867562886
227,Lizette,De Castri,ldecastri6a@a8.net,Female,118.108.53.84,28,20104213115
228,Constancia,Ible,cible6b@purevolume.com,Female,152.243.24.186,71,31350299123
229,Orran,Killingworth,okillingworth6c@rambler.ru,Male,201.111.121.172,05,35848196247
230,Ruth,Yarr,ryarr6d@hc360.com,Female,190.42.161.226,22,15892697516
231,Quinn,Punchard,qpunchard6e@cdbaby.com,Female,36.234.42.227,21,07545077945
232,Klement,Macauley,kmacauley6f@google.co.jp,Male,20.167.114.237,19,17387493492
233,Constantine,Athow,cathow6g@e-recht24.de,Female,228.16.104.190,93,33197898462
234,Benson,Readwood,breadwood6h@fda.gov,Male,231.11.21.211,97,07660531157
235,Deidre,McGifford,dmcgifford6i@upenn.edu,Female,37.187.236.51,42,56248227525
236,Drew,Sitwell,dsitwell6j@ocn.ne.jp,Male,189.5.168.109,44,69380847607
237,Ferdinanda,Roslen,froslen6k@pen.io,Female,64.99.20.158,12,45493580959
238,Antons,Folker,afolker6l@geocities.jp,Male,74.123.149.249,11,81765704728
239,Ansley,Dottrell,adottrell6m@ask.com,Female,50.78.227.209,45,08662599179
240,Reinald,Tesauro,rtesauro6n@tripadvisor.com,Male,220.33.239.48,13,80337312383
241,Ware,Puden,wpuden6o@cpanel.net,Male,39.252.212.46,52,18593814902
242,Omero,Dible,odible6p@barnesandnoble.com,Male,85.181.196.160,83,66372383244
243,Monte,Tickle,mtickle6q@earthlink.net,Male,18.225.108.182,59,04190419970
244,Emyle,Scaplehorn,escaplehorn6r@g.co,Female,123.72.212.12,83,42389256074
245,Codi,Deyenhardt,cdeyenhardt6s@prnewswire.com,Female,70.97.189.7,39,46320198784
246,Adrian,Crimes,acrimes6t@free.fr,Male,157.246.32.185,96,22151652962
247,Danila,Farmar,dfarmar6u@boston.com,Female,184.37.68.58,56,38848812305
248,Garry,Haddy,ghaddy6v@1688.com,Male,190.45.90.26,99,99265147007
249,Sutherland,Carswell,scarswell6w@washington.edu,Male,160.180.85.206,93,16193119983
250,Ibby,Bailiss,ibailiss6x@privacy.gov.au,Female,226.177.137.108,64,60275740230
251,Yehudi,Lyfield,ylyfield6y@xrea.com,Male,84.127.232.42,30,88217798249
252,Herbert,Rubinivitz,hrubinivitz6z@fastcompany.com,Male,196.197.71.94,31,24955358029
253,Corilla,Hovey,chovey70@free.fr,Female,239.76.235.42,56,70497082624
254,Burt,Cavill,bcavill71@businessinsider.com,Male,82.148.111.5,41,18033345330
255,Anetta,Camacke,acamacke72@ftc.gov,Female,182.219.213.175,78,35653334092
256,Maurizio,Southam,msoutham73@ft.com,Male,126.164.100.34,30,05777342527
257,Jean,Viney,jviney74@technorati.com,Male,28.214.74.111,87,13974694282
258,Sylas,Duggary,sduggary75@blog.com,Male,3.204.184.37,74,53135422241
259,Udall,Pinck,upinck76@ucsd.edu,Male,174.223.247.148,01,86066822582
260,Vergil,MacRedmond,vmacredmond77@weather.com,Male,29.133.83.246,94,13328835653
261,Gena,Catterson,gcatterson78@paypal.com,Female,21.31.53.185,58,00145360370
262,Minny,Gunther,mgunther79@unblog.fr,Female,230.220.161.222,03,26081262975
263,Irma,Shimoni,ishimoni7a@exblog.jp,Female,49.147.76.88,54,19608190363
264,Sancho,Delmonti,sdelmonti7b@rakuten.co.jp,Male,161.212.242.212,04,07323427855
265,Kameko,Harby,kharby7c@globo.com,Female,171.230.187.112,32,70167637533
266,Bobbee,Jahnke,bjahnke7d@github.com,Female,85.101.153.172,77,09840477720
267,Myrah,Callendar,mcallendar7e@mail.ru,Female,160.53.224.192,06,55446109380
268,Linus,Letchmore,lletchmore7f@constantcontact.com,Male,79.53.248.147,68,54545857320
269,Gretta,Tiery,gtiery7g@angelfire.com,Female,156.42.197.142,04,70898451124
270,Starla,Justham,sjustham7h@theguardian.com,Female,248.223.105.211,85,78366098545
271,Tedman,Brobak,tbrobak7i@wunderground.com,Male,35.115.5.113,18,89694010820
272,Nancey,Edgell,nedgell7j@linkedin.com,Female,237.28.229.159,64,44111917542
273,Isabeau,O'Ferris,ioferris7k@engadget.com,Female,25.236.115.136,16,63185828144
274,Waring,Cherrison,wcherrison7l@squarespace.com,Male,68.17.243.97,74,02503301974
275,Rab,Killough,rkillough7m@nationalgeographic.com,Male,36.172.108.208,03,05831664736
276,Horacio,Ivanyutin,hivanyutin7n@kickstarter.com,Male,205.191.82.216,86,12177065591
277,Blane,Noone,bnoone7o@indiatimes.com,Male,175.65.106.15,10,97980642001
278,Ugo,Ceely,uceely7p@jigsy.com,Male,150.141.74.108,72,18737694050
279,Bertram,Clementson,bclementson7q@cdbaby.com,Male,125.220.103.92,95,46987490437
280,Free,Extence,fextence7r@youku.com,Male,89.43.205.132,69,32881269347
281,Goran,Duckhouse,gduckhouse7s@sbwire.com,Male,146.74.201.186,94,64583303174
282,Lawry,Grishinov,lgrishinov7t@xing.com,Male,249.222.131.64,30,22879739897
283,Aeriela,Brunsdon,abrunsdon7u@reddit.com,Female,35.198.149.243,16,79779608199
284,Free,Vinck,fvinck7v@macromedia.com,Male,107.194.246.123,78,48731480540
285,Fairleigh,Caitlin,fcaitlin7w@unc.edu,Male,178.50.22.15,57,34492144135
286,Skye,January,sjanuary7x@go.com,Male,20.201.238.103,21,08319897601
287,Dorelia,Goade,dgoade7y@t.co,Female,252.22.190.12,17,46899699754
288,Lotti,Matchett,lmatchett7z@google.co.jp,Female,161.176.79.106,13,29443323342
289,Zelma,Ciobutaru,zciobutaru80@creativecommons.org,Female,174.255.160.241,30,36089526378
290,Thomasina,Giuron,tgiuron81@qq.com,Female,34.100.214.171,14,47983955224
291,Graehme,Alstead,galstead82@youku.com,Male,42.189.7.233,56,71840947230
292,Darius,Yurygyn,dyurygyn83@umn.edu,Male,12.17.210.136,75,88367030633
293,Bellanca,Simcox,bsimcox84@uiuc.edu,Female,3.16.138.60,00,79085445139
294,Rita,Towns,rtowns85@pinterest.com,Female,71.37.223.15,51,72190531967
295,Shelbi,Abramovitz,sabramovitz86@mit.edu,Female,230.140.169.187,16,77619782964
296,Washington,Gillooly,wgillooly87@unesco.org,Male,251.98.166.132,67,14558195644
297,Ezequiel,Mephan,emephan88@tripadvisor.com,Male,97.60.215.129,63,29620849609
298,Deidre,Quinn,dquinn89@miitbeian.gov.cn,Female,91.162.164.183,94,96719712360
299,Abby,Romeo,aromeo8a@cbsnews.com,Male,92.25.18.171,27,24330684143
300,Hewett,Attwell,hattwell8b@cbsnews.com,Male,177.170.254.6,08,31046357721